<?xml version="1.0"?>
<rss version="2.0" xmlns:atom="http://www.w3.org/2005/Atom">
  <channel>
    <title>JBake</title>
    <link>http://jbake.org</link>
    <atom:link href="http://jbake.org/feed.xml" rel="self" type="application/rss+xml" />
    <description>JBake Bootstrap Template</description>
    <language>en-gb</language>
    <pubDate>Wed, 6 Aug 2014 09:30:19 -0500</pubDate>
    <lastBuildDate>Wed, 6 Aug 2014 09:30:19 -0500</lastBuildDate>

    <item>
      <title>Rendering engine missing</title>
      <link>http://jbake.org/blog/2013/second-post.html</link>
      <pubDate>Wed, 6 Aug 2014 09:30:19 -0500</pubDate>
      <guid isPermaLink="false">blog/2013/second-post.html</guid>
      	<description>
	The markup engine [org.jbake.parser.MarkdownEngine] for [H:\Project_Files\Src\JBake\gradle2\src\jbake\content\blog\2013\second-post.md] couldn&apos;t be loaded
	</description>
    </item>
    <item>
      <title>Fourth Post</title>
      <link>http://jbake.org/blog/2013/fourth-post.html</link>
      <pubDate>Thu, 17 Oct 2013 00:00:00 -0500</pubDate>
      <guid isPermaLink="false">blog/2013/fourth-post.html</guid>
      	<description>
	&lt;div id=&quot;preamble&quot;&gt;
&lt;div class=&quot;sectionbody&quot;&gt;
&lt;div class=&quot;paragraph&quot;&gt;
&lt;p&gt;Lorem ipsum dolor sit amet, consectetur adipiscing elit. Quisque vel diam purus. Curabitur ut nisi lacus.&lt;/p&gt;
&lt;/div&gt;
&lt;div class=&quot;ulist&quot;&gt;
&lt;ul&gt;
&lt;li&gt;
&lt;p&gt;&lt;a href=&quot;http://example.org&quot;&gt;http://example.org&lt;/a&gt;&lt;/p&gt;
&lt;/li&gt;
&lt;li&gt;
&lt;p&gt;&lt;a href=&quot;http://example.org&quot;&gt;Example.org&lt;/a&gt;&lt;/p&gt;
&lt;/li&gt;
&lt;/ul&gt;
&lt;/div&gt;
&lt;div class=&quot;paragraph&quot;&gt;
&lt;p&gt;Nam id nisl quam. Donec a lorem sit amet libero pretium vulputate vel ut purus. Suspendisse leo arcu,
mattis et imperdiet luctus, pulvinar vitae mi. Quisque fermentum sollicitudin feugiat. Mauris nec leo
ligula. Vestibulum tristique odio ut risus ultricies a hendrerit quam iaculis. Duis tempor elit sit amet
ligula vehicula et iaculis sem placerat. Fusce dictum, metus at volutpat lacinia, elit massa auctor risus,
id auctor arcu enim eu augue. Donec ultrices turpis in mi imperdiet ac venenatis sapien sodales. In
consequat imperdiet nunc quis bibendum. Nulla semper, erat quis ornare tristique, lectus massa posuere
libero, ut vehicula lectus nunc ut lorem. Aliquam erat volutpat.&lt;/p&gt;
&lt;/div&gt;
&lt;/div&gt;
&lt;/div&gt;
	</description>
    </item>
    <item>
      <title>Third Post</title>
      <link>http://jbake.org/blog/2013/third-post.html</link>
      <pubDate>Thu, 26 Sep 2013 00:00:00 -0500</pubDate>
      <guid isPermaLink="false">blog/2013/third-post.html</guid>
      	<description>
	&lt;div id=&quot;preamble&quot;&gt;
&lt;div class=&quot;sectionbody&quot;&gt;
&lt;div class=&quot;paragraph&quot;&gt;
&lt;p&gt;Lorem ipsum dolor sit amet, consectetur adipiscing elit. Quisque vel diam purus. Curabitur ut nisi lacus.&lt;/p&gt;
&lt;/div&gt;
&lt;div class=&quot;ulist&quot;&gt;
&lt;ul&gt;
&lt;li&gt;
&lt;p&gt;&lt;a href=&quot;http://example.org&quot;&gt;http://example.org&lt;/a&gt;&lt;/p&gt;
&lt;/li&gt;
&lt;li&gt;
&lt;p&gt;&lt;a href=&quot;http://example.org&quot;&gt;Example.org&lt;/a&gt;&lt;/p&gt;
&lt;/li&gt;
&lt;/ul&gt;
&lt;/div&gt;
&lt;div class=&quot;paragraph&quot;&gt;
&lt;p&gt;Nam id nisl quam. Donec a lorem sit amet libero pretium vulputate vel ut purus. Suspendisse leo arcu,
mattis et imperdiet luctus, pulvinar vitae mi. Quisque fermentum sollicitudin feugiat. Mauris nec leo
ligula. Vestibulum tristique odio ut risus ultricies a hendrerit quam iaculis. Duis tempor elit sit amet
ligula vehicula et iaculis sem placerat. Fusce dictum, metus at volutpat lacinia, elit massa auctor risus,
id auctor arcu enim eu augue. Donec ultrices turpis in mi imperdiet ac venenatis sapien sodales. In
consequat imperdiet nunc quis bibendum. Nulla semper, erat quis ornare tristique, lectus massa posuere
libero, ut vehicula lectus nunc ut lorem. Aliquam erat volutpat.&lt;/p&gt;
&lt;/div&gt;
&lt;/div&gt;
&lt;/div&gt;
	</description>
    </item>
    <item>
      <title>First Post</title>
      <link>http://jbake.org/blog/2013/first-post.html</link>
      <pubDate>Wed, 24 Jul 2013 00:00:00 -0500</pubDate>
      <guid isPermaLink="false">blog/2013/first-post.html</guid>
      	<description>
	
&lt;p&gt;Lorem ipsum dolor sit amet, consectetur adipiscing elit. Quisque vel diam purus. Curabitur ut nisi lacus.&lt;/p&gt;

&lt;ul&gt;
&lt;li&gt;&lt;a href=&quot;http://example.org&quot;&gt;http://example.org&lt;/a&gt;&lt;/li&gt;
&lt;li&gt;&lt;a href=&quot;http://example.org&quot;&gt;Example.org&lt;/a&gt;&lt;/li&gt;
&lt;/ul&gt;

&lt;p&gt;Nam id nisl quam. Donec a lorem sit amet libero pretium vulputate vel ut purus. Suspendisse leo arcu, 
mattis et imperdiet luctus, pulvinar vitae mi. Quisque fermentum sollicitudin feugiat. Mauris nec leo 
ligula. Vestibulum tristique odio ut risus ultricies a hendrerit quam iaculis. Duis tempor elit sit amet 
ligula vehicula et iaculis sem placerat. Fusce dictum, metus at volutpat lacinia, elit massa auctor risus, 
id auctor arcu enim eu augue. Donec ultrices turpis in mi imperdiet ac venenatis sapien sodales.&lt;/p&gt; 

&lt;pre class=&quot;prettyprint&quot;&gt;
&lt;code&gt;
package org.jbake;

public class Oven {
	public static void main(String[] args) {
		System.out.print(&quot;Baking!&quot;);
  }
}
&lt;/code&gt;
&lt;/pre&gt;

&lt;p&gt;In consequat imperdiet nunc quis bibendum. Nulla semper, erat quis ornare tristique, lectus massa posuere 
libero, ut vehicula lectus nunc ut lorem. Aliquam erat volutpat.&lt;/p&gt;

	</description>
    </item>

  </channel> 
</rss>
